,reference_number
0,124060
1,126500ln
2,228235
3,126710GRNR (Bruce Wayne)
4,126710BLRO
5,116503
6,116710LN (GMT-Master II black bezel)
8,
9,126334 (Datejust Diamonds)
11,126000
12,326934
13,126610lv
14,1500 (Oyster Perpetual Vintage)
16,114270 (Arabic Dial)
20,126334 (Jubilee)
21,126334
23,228238 (Day-Date Roman numerals)
24,126710BLNR (Batman)
25,214270 (Arabic Dial)
28,126610LN (Submariner Ceramic Bezel Dark)
29,126331
31,126334 (Wimbledon)
32,116500LN (Daytona (from 2016))
33,126710BLNR
36,126500ln (Panda)
37,126720VTNR
39,16528 (Daytona (1988-2015))
40,16613
41,126508
42,16013
46,124300
47,126283RBR
48,126720VTNR (Sprite)
50,116610LV
51,127334 (Arabic Dial)
52,16710 (GMT-Master II (up to 2007))
69,126234
75,116518LN (Daytona (from 2016))
76,336238
83,1675 (Pepsi)
87,116900bk (Arabic Dial)
93,326235 (Everose)
105,268655
111,126622
116,126711CHNR
123,126621
124,5513
126,336933 (Two-tone)
131,116619LB (Submariner Ceramic Bezel Light)
134,16234
136,168000
138,16600
139,126613LN
141,126600 (Sea-Dweller (from 2017))
142,124200
143,116400GV
144,116680
146,134300
149,126200 (Wimbledon)
150,1601 (Jubilee)
153,116244
154,126660
156,6917
159,126300-0007 (Datejust smooth bezel)
161,15233 (Two-tone)
162,126503
163,116234 (Jubilee)
164,126713grnr
168,16803
171,228238
176,226627
177,228349RBR (Presidential)
179,224270 (Arabic Dial)
180,126300 (Datejust smooth bezel)
182,126710GRNR
202,216570 (Explorer II 216570 Black)
226,126300
232,326933 (Two-tone)
244,1675/3
250,6617
268,124300-0006
331,16610LV
332,116000
333,126618LB (Submariner Ceramic Bezel Light)
337,126613lb
344,226659 (Yacht-Master rubber strap)
346,126710BLNR (Batgirl)
348,126000 (Tiffany)
352,116234 (Arabic Dial)
353,126200 (Datejust smooth bezel)
354,126333
359,126715CHNR
360,116610LN (Submariner Ceramic Bezel Dark)
364,128239
365,126234 (Jubilee)
367,228398TBR (Day-Date Diamonds)
368,14060M (Submariner (1990-2010))
376,16700 (Pepsi)
379,126710BLRO-0002 (Pepsi)
381,126613LB
385,226570
389,126200 (Jubilee)
403,14060 (Submariner (1990-2010))
411,116500LN
412,126334-0014 (Jubilee)
417,6916
418,16753
419,1675
422,126900 (Arabic Dial)
423,216570 (Explorer II 216570 White)
427,116710BLNR (Batman)
428,326138
429,116660
435,118235 (Everose)
437,116520 (Daytona (1988-2015))
440,18238
444,126333-0006
447,116900 (Arabic Dial)
454,336934
455,116622
461,16523
462,116681 (Two-tone)
476,179238
477,268622 (Yacht-Master 35mm)
481,228235 (Everose)
484,126622-0002
489,14270 (Arabic Dial)
491,278274 (Jubilee)
492,16710
494,126233
496,126519
497,116506 (Ice)
501,50515 (Everose)
509,126234 (Wimbledon)
511,228238 (Day-Date Diamonds)
512,136660 (James Cameron)
514,116610LN-0001 (Submariner Ceramic Bezel Dark)
521,126603
526,114300
530,126200
551,126729VTNR
553,224270
563,126518ln
565,114060 (Submariner Ceramic Bezel Dark)
567,228239
568,124060-0001
573,118235
574,326238
578,126619LB (Submariner Ceramic Bezel Light)
581,126710BLRO (Pepsi)
582,116264 (Datejust No Numerals)
583,69173
587,114200 (Arabic Dial)
588,1503 (Oyster Perpetual Vintage)
589,278274 (Datejust Gold/Steel)
590,50535 (Everose)
594,126710BLNR-0003 (Batman)
602,326934 (Jubilee)
604,126519LN-0006
606,127234
624,176200 (Arabic Dial)
628,126718grnr (Zombie)
632,1603 (Jubilee)
639,126719BLRO (Pepsi)
642,115234 (Arabic Dial)
644,228238 (Presidential)
649,1601
650,18038
654,16610
667,126610LV-0002
674,126000 (Domino's Pizza)
675,1263000
683,126234 (Datejust Gold/Steel)
684,4243 (Arabic Dial)
685,1501 (Oyster Perpetual Vintage)
686,126234 (Datejust Diamonds)
687,126506 (Ice)
690,1503
692,228349RBR
693,228239 (Day-Date Roman numerals)
704,124270 (Arabic Dial)
706,M126334-0028
709,52506
714,126600
715,118238 (Presidential)
719,126301
720,128235
721,116508
722,126710BLRO-0001
725,16613LN
731,116613LB
735,126300-0001 (Datejust smooth bezel)
737,278274
740,126613LB-0002
746,278273
748,336938
749,116515ln
750,126720VTNR-0002
767,126610LV
768,126622-0001
771,116509
772,116519LN (Daytona (from 2016))
773,126655
778,16030
798,116613LN
800,116233
804,116000 (Arabic Dial)
809,336934 (Jubilee)
810,126506
816,126710BLNR-0002 (Batman)
820,326235
824,126505
825,116610LN
842,116509 (Arabic Dial)
844,Rolex Datejust 36 Blue Dial 126234 (Datejust Gold/Steel)
851,126610LN-0001 (Submariner Ceramic Bezel Dark)
853,214270
854,16570 (Explorer II 16570 Black)
856,116523
858,336935 (Everose)
861,126334 (Datejust Gold/Steel)
863,116505
866,126500LN
870,116600 (Sea-Dweller (1989-2017))
872,116518 (Panda)
875,126505 (Everose)
877,126509
883,116400
887,52509 (Arabic Dial)
894,115234
917,126334 green
923,136660
925,16570 (Explorer II 16570 White)
928,6916 (Datejust Diamonds)
932,124300 (Tiffany)
941,127334 (Jubilee)
947,116231
949,127234 (Arabic Dial)
957,116688-0002
964,277200 (Red Face)
986,279173
987,326933-0001 (Two-tone)
988,79173
1001,116519
1004,16014
1006,116503-0004
1010,116588TBR (Tiger Eye)
1055,226570-0001
1062,126710GRNR-0003
1066,116660-0003
1069,127335
1070,126718grnr (Jubilee)
1079,116334 (Datejust No Numerals)
1080,126503-0001
1082,279171
1084,6917 (Datejust No Numerals)
1097,278343RBR
1102,336933
1105,15200 (Oyster Perpetual Vintage)
1106,279138RBR
1112,226570-0002
1123,1503 (Jubilee)
1140,268622-0002 (Yacht-Master 35mm)
1146,14000
1151,50525 (Everose)
1156,6516 (Oyster Perpetual Vintage)
1157,116333
1161,126300-0007
1163,126300-0017 (Datejust smooth bezel)
1164,279174
1166,116688
1167,16518
1170,16618
1171,126334-0026
1172,126519LN
1176,126515LN
1178,126200-0018
1198,126231
1208,276200
1213,16220
1223,Rolex GMT Master II Sprite Ref 126720VTNR Steel Black Dial (Sprite)
1230,126720VTNR-0001 (Sprite)
1231,278271
1253,16750 (Pepsi)
1272,15223
1274,126000-0001
1279,M228235-0025
1294,277200
1296,116713
1297,116334
1310,15200
1319,6430 (Speedking)
1323,116515LN
1328,116518 (Arabic Dial)
1335,6627
1340,178344 (Datejust Gold/Steel)
1344,69178
1349,126200-0017
1352,18248 (Day-Date 36mm (up to 2000))
1360,6466
1362,116519LN
1363,16713
1369,6517
1372,126515LN (Everose)
1375,126900-0001 (Arabic Dial)
1380,116300
1386,16200 (Datejust smooth bezel)
1388,126000-0002
1391,15223 (Two-tone)
1403,126618LN (Submariner Ceramic Bezel Dark)
1405,16233
1407,224270-0001
1412,116200
1415,126518
1416,116505 (Everose)
1417,16030 (Jubilee)
1420,126300-0006
1421,116528 (Daytona (1988-2015))
1422,16520 (Daytona (1988-2015))
1423,126200-0020
1428,126500
1430,16013 (Datejust Gold/Steel)
1439,279384RBR (Datejust No Numerals)
1440,68273
1484,3514
1503,124300-0002
1514,278240
1524,8051
1528,Rolex SeaDweller Ref 126600 Steel Black Dial
1551,126234-0045
1552,6916 (Datejust No Numerals)
1553,126067
1562,226658 (Yacht-Master rubber strap)
1575,126300-0002
1576,116599 RBOW
1581,16628
1588,128238 (Day-Date Diamonds)
1592,278384RBR (Jubilee)
1598,126334-0001
1600,124270-0001 (Arabic Dial)
1601,116695 SATS
1603,116234
1605,124270
1607,116655
1642,6694
1655,126525LN (Everose)
1659,178274
1660,178274 (Jubilee)
1667,179173
1670,116710BLNR-0002 (Batman)
1674,4651
1705,126334-0011 (Datejust Diamonds)
1707,16618 (Submariner (1990-2010))
1708,52508 (Arabic Dial)
1710,126334-0002 (Jubilee)
1719,279383RBR
1720,1803
1727,218239
1740,1601 (Datejust Gold/Steel)
1743,126718grnr
1750,116713LN
1753,6426
1758,16528
1769,118238
1773,114300-0003
1777,16623
1799,126300-0019 (Datejust smooth bezel)
1804,18038 (Day-Date 36mm (up to 2000))
1824,126679SABR (Yacht-Master rubber strap)
1845,M126300-0016 (Datejust smooth bezel)
1848,16758
1859,228236
1868,278384RBR
1872,6265 (Daytona (up to 1988))
1884,116520-0016 (Daytona (1988-2015))
1885,1665 (Sea-Dweller (up to 1989))
1886,15010 (Oyster Perpetual Vintage)
1892,69190-RHDSTJ
1897,50509
1930,126528LN
1941,17013
1945,1680 (Submariner Vintage)
1950,336935
1951,169622 (Yacht-Master 29mm)
1954,124300-0005
1956,126711CHNR-0002
1970,336938 (Jubilee)
2024,126718GRNR
2027,228345RBR
2030,126500LN (Panda)
2042,126000 Blue
2043,126333 (Two-tone)
2063,6827 (Datejust Diamonds)
2076,M126503-0004
2079,67180 (Domino's Pizza)
2092,5508
2100,16234 (Datejust Diamonds)
2102,126621-0001
2104,126334-0012
2106,76183 (Two-tone)
2108,18238 (Day-Date 36mm (up to 2000))
2109,16750
2115,278381RBR
2117,126233 (Two-tone)
